{
  "dataset_revision": "c22ab2a51041ffd869aaddef7af8d8215647e41a",
  "task_name": "ArguAna",
  "mteb_version": "2.10.8",
  "scores": {
    "test": [
      {
        "ndcg_at_1": 0.2724,
        "ndcg_at_3": 0.41799,
        "ndcg_at_5": 0.46868,
        "ndcg_at_10": 0.51604,
        "ndcg_at_20": 0.54116,
        "ndcg_at_100": 0.55757,
        "ndcg_at_1000": 0.56048,
        "map_at_1": 0.2724,
        "map_at_3": 0.38205,
        "map_at_5": 0.41036,
        "map_at_10": 0.42989,
        "map_at_20": 0.43694,
        "map_at_100": 0.43947,
        "map_at_1000": 0.4396,
        "recall_at_1": 0.2724,
        "recall_at_3": 0.52205,
        "recall_at_5": 0.64438,
        "recall_at_10": 0.7909,
        "recall_at_20": 0.88905,
        "recall_at_100": 0.97368,
        "recall_at_1000": 0.99573,
        "accuracy": 0.2724,
        "precision_at_1": 0.2724,
        "precision_at_3": 0.17402,
        "precision_at_5": 0.12888,
        "precision_at_10": 0.07909,
        "precision_at_20": 0.04445,
        "precision_at_100": 0.00974,
        "precision_at_1000": 0.001,
        "mrr_at_1": 0.280228,
        "mrr_at_3": 0.384068,
        "mrr_at_5": 0.413336,
        "mrr_at_10": 0.432834,
        "mrr_at_20": 0.439894,
        "mrr_at_100": 0.442422,
        "mrr_at_1000": 0.442552,
        "nauc_ndcg_at_1_max": -0.086022,
        "nauc_ndcg_at_1_std": -0.112344,
        "nauc_ndcg_at_1_diff1": 0.069733,
        "nauc_ndcg_at_3_max": -0.077812,
        "nauc_ndcg_at_3_std": -0.081515,
        "nauc_ndcg_at_3_diff1": 0.042984,
        "nauc_ndcg_at_5_max": -0.055285,
        "nauc_ndcg_at_5_std": -0.07049,
        "nauc_ndcg_at_5_diff1": 0.046169,
        "nauc_ndcg_at_10_max": -0.037839,
        "nauc_ndcg_at_10_std": -0.063891,
        "nauc_ndcg_at_10_diff1": 0.045914,
        "nauc_ndcg_at_20_max": -0.027263,
        "nauc_ndcg_at_20_std": -0.046305,
        "nauc_ndcg_at_20_diff1": 0.055585,
        "nauc_ndcg_at_100_max": -0.043255,
        "nauc_ndcg_at_100_std": -0.058495,
        "nauc_ndcg_at_100_diff1": 0.056537,
        "nauc_ndcg_at_1000_max": -0.049817,
        "nauc_ndcg_at_1000_std": -0.065167,
        "nauc_ndcg_at_1000_diff1": 0.054235,
        "nauc_map_at_1_max": -0.086022,
        "nauc_map_at_1_std": -0.112344,
        "nauc_map_at_1_diff1": 0.069733,
        "nauc_map_at_3_max": -0.081967,
        "nauc_map_at_3_std": -0.090643,
        "nauc_map_at_3_diff1": 0.048336,
        "nauc_map_at_5_max": -0.069227,
        "nauc_map_at_5_std": -0.084651,
        "nauc_map_at_5_diff1": 0.050833,
        "nauc_map_at_10_max": -0.063161,
        "nauc_map_at_10_std": -0.082139,
        "nauc_map_at_10_diff1": 0.050994,
        "nauc_map_at_20_max": -0.060692,
        "nauc_map_at_20_std": -0.077927,
        "nauc_map_at_20_diff1": 0.053615,
        "nauc_map_at_100_max": -0.062585,
        "nauc_map_at_100_std": -0.079208,
        "nauc_map_at_100_diff1": 0.053981,
        "nauc_map_at_1000_max": -0.062804,
        "nauc_map_at_1000_std": -0.079422,
        "nauc_map_at_1000_diff1": 0.053937,
        "nauc_recall_at_1_max": -0.086022,
        "nauc_recall_at_1_std": -0.112344,
        "nauc_recall_at_1_diff1": 0.069733,
        "nauc_recall_at_3_max": -0.065036,
        "nauc_recall_at_3_std": -0.054672,
        "nauc_recall_at_3_diff1": 0.02808,
        "nauc_recall_at_5_max": -0.006014,
        "nauc_recall_at_5_std": -0.02213,
        "nauc_recall_at_5_diff1": 0.031153,
        "nauc_recall_at_10_max": 0.09845,
        "nauc_recall_at_10_std": 0.027118,
        "nauc_recall_at_10_diff1": 0.021961,
        "nauc_recall_at_20_max": 0.294933,
        "nauc_recall_at_20_std": 0.257336,
        "nauc_recall_at_20_diff1": 0.091711,
        "nauc_recall_at_100_max": 0.468919,
        "nauc_recall_at_100_std": 0.540962,
        "nauc_recall_at_100_diff1": 0.209296,
        "nauc_recall_at_1000_max": 0.141744,
        "nauc_recall_at_1000_std": 0.582623,
        "nauc_recall_at_1000_diff1": -0.164421,
        "nauc_precision_at_1_max": -0.086022,
        "nauc_precision_at_1_std": -0.112344,
        "nauc_precision_at_1_diff1": 0.069733,
        "nauc_precision_at_3_max": -0.065036,
        "nauc_precision_at_3_std": -0.054672,
        "nauc_precision_at_3_diff1": 0.02808,
        "nauc_precision_at_5_max": -0.006014,
        "nauc_precision_at_5_std": -0.02213,
        "nauc_precision_at_5_diff1": 0.031153,
        "nauc_precision_at_10_max": 0.09845,
        "nauc_precision_at_10_std": 0.027118,
        "nauc_precision_at_10_diff1": 0.021961,
        "nauc_precision_at_20_max": 0.294933,
        "nauc_precision_at_20_std": 0.257336,
        "nauc_precision_at_20_diff1": 0.091711,
        "nauc_precision_at_100_max": 0.468919,
        "nauc_precision_at_100_std": 0.540962,
        "nauc_precision_at_100_diff1": 0.209296,
        "nauc_precision_at_1000_max": 0.141744,
        "nauc_precision_at_1000_std": 0.582623,
        "nauc_precision_at_1000_diff1": -0.164421,
        "nauc_mrr_at_1_max": -0.09661,
        "nauc_mrr_at_1_std": -0.112627,
        "nauc_mrr_at_1_diff1": 0.045415,
        "nauc_mrr_at_3_max": -0.098809,
        "nauc_mrr_at_3_std": -0.094693,
        "nauc_mrr_at_3_diff1": 0.023859,
        "nauc_mrr_at_5_max": -0.083877,
        "nauc_mrr_at_5_std": -0.086367,
        "nauc_mrr_at_5_diff1": 0.027572,
        "nauc_mrr_at_10_max": -0.077121,
        "nauc_mrr_at_10_std": -0.083501,
        "nauc_mrr_at_10_diff1": 0.028594,
        "nauc_mrr_at_20_max": -0.075007,
        "nauc_mrr_at_20_std": -0.079357,
        "nauc_mrr_at_20_diff1": 0.030664,
        "nauc_mrr_at_100_max": -0.077019,
        "nauc_mrr_at_100_std": -0.080643,
        "nauc_mrr_at_100_diff1": 0.030829,
        "nauc_mrr_at_1000_max": -0.077243,
        "nauc_mrr_at_1000_std": -0.080855,
        "nauc_mrr_at_1000_diff1": 0.030775,
        "hit_rate_at_1": 0.2724,
        "hit_rate_at_3": 0.52205,
        "hit_rate_at_5": 0.64438,
        "hit_rate_at_10": 0.7909,
        "hit_rate_at_20": 0.88905,
        "hit_rate_at_100": 0.97368,
        "hit_rate_at_1000": 0.99573,
        "main_score": 0.51604,
        "hf_subset": "default",
        "languages": [
          "eng-Latn"
        ]
      }
    ]
  },
  "evaluation_time": 319.53505516052246,
  "kg_co2_emissions": null,
  "date": 1773069193.936779
}