{
  "dataset_revision": "d56462d0e63a25450459c4f213e49ffdb866f7f9",
  "task_name": "SciFact",
  "mteb_version": "2.10.8",
  "scores": {
    "test": [
      {
        "ndcg_at_1": 0.57667,
        "ndcg_at_3": 0.66466,
        "ndcg_at_5": 0.68888,
        "ndcg_at_10": 0.71047,
        "ndcg_at_20": 0.72063,
        "ndcg_at_100": 0.73445,
        "ndcg_at_1000": 0.73901,
        "map_at_1": 0.55011,
        "map_at_3": 0.63453,
        "map_at_5": 0.65076,
        "map_at_10": 0.66115,
        "map_at_20": 0.66448,
        "map_at_100": 0.66678,
        "map_at_1000": 0.66699,
        "recall_at_1": 0.55011,
        "recall_at_3": 0.7235,
        "recall_at_5": 0.785,
        "recall_at_10": 0.84639,
        "recall_at_20": 0.88467,
        "recall_at_100": 0.956,
        "recall_at_1000": 0.99,
        "accuracy": 0.55011,
        "precision_at_1": 0.57667,
        "precision_at_3": 0.26333,
        "precision_at_5": 0.17333,
        "precision_at_10": 0.095,
        "precision_at_20": 0.05,
        "precision_at_100": 0.01083,
        "precision_at_1000": 0.00112,
        "mrr_at_1": 0.576667,
        "mrr_at_3": 0.652778,
        "mrr_at_5": 0.665278,
        "mrr_at_10": 0.673623,
        "mrr_at_20": 0.675837,
        "mrr_at_100": 0.677405,
        "mrr_at_1000": 0.677596,
        "nauc_ndcg_at_1_max": 0.377478,
        "nauc_ndcg_at_1_std": -0.116766,
        "nauc_ndcg_at_1_diff1": 0.766502,
        "nauc_ndcg_at_3_max": 0.414669,
        "nauc_ndcg_at_3_std": -0.106094,
        "nauc_ndcg_at_3_diff1": 0.708435,
        "nauc_ndcg_at_5_max": 0.411614,
        "nauc_ndcg_at_5_std": -0.059338,
        "nauc_ndcg_at_5_diff1": 0.717665,
        "nauc_ndcg_at_10_max": 0.433465,
        "nauc_ndcg_at_10_std": -0.042586,
        "nauc_ndcg_at_10_diff1": 0.713246,
        "nauc_ndcg_at_20_max": 0.435367,
        "nauc_ndcg_at_20_std": -0.050786,
        "nauc_ndcg_at_20_diff1": 0.712996,
        "nauc_ndcg_at_100_max": 0.429196,
        "nauc_ndcg_at_100_std": -0.056845,
        "nauc_ndcg_at_100_diff1": 0.714479,
        "nauc_ndcg_at_1000_max": 0.427773,
        "nauc_ndcg_at_1000_std": -0.055806,
        "nauc_ndcg_at_1000_diff1": 0.717908,
        "nauc_map_at_1_max": 0.348051,
        "nauc_map_at_1_std": -0.179918,
        "nauc_map_at_1_diff1": 0.758915,
        "nauc_map_at_3_max": 0.392185,
        "nauc_map_at_3_std": -0.136796,
        "nauc_map_at_3_diff1": 0.718161,
        "nauc_map_at_5_max": 0.392003,
        "nauc_map_at_5_std": -0.104858,
        "nauc_map_at_5_diff1": 0.724521,
        "nauc_map_at_10_max": 0.405054,
        "nauc_map_at_10_std": -0.093389,
        "nauc_map_at_10_diff1": 0.722134,
        "nauc_map_at_20_max": 0.405698,
        "nauc_map_at_20_std": -0.092696,
        "nauc_map_at_20_diff1": 0.722746,
        "nauc_map_at_100_max": 0.405725,
        "nauc_map_at_100_std": -0.092687,
        "nauc_map_at_100_diff1": 0.722504,
        "nauc_map_at_1000_max": 0.405797,
        "nauc_map_at_1000_std": -0.092631,
        "nauc_map_at_1000_diff1": 0.722677,
        "nauc_recall_at_1_max": 0.348051,
        "nauc_recall_at_1_std": -0.179918,
        "nauc_recall_at_1_diff1": 0.758915,
        "nauc_recall_at_3_max": 0.432869,
        "nauc_recall_at_3_std": -0.11038,
        "nauc_recall_at_3_diff1": 0.65434,
        "nauc_recall_at_5_max": 0.429121,
        "nauc_recall_at_5_std": 0.04699,
        "nauc_recall_at_5_diff1": 0.674981,
        "nauc_recall_at_10_max": 0.510262,
        "nauc_recall_at_10_std": 0.131466,
        "nauc_recall_at_10_diff1": 0.647783,
        "nauc_recall_at_20_max": 0.551521,
        "nauc_recall_at_20_std": 0.087819,
        "nauc_recall_at_20_diff1": 0.629591,
        "nauc_recall_at_100_max": 0.521871,
        "nauc_recall_at_100_std": 0.095825,
        "nauc_recall_at_100_diff1": 0.583623,
        "nauc_recall_at_1000_max": 0.478836,
        "nauc_recall_at_1000_std": 0.70277,
        "nauc_recall_at_1000_diff1": 0.6662,
        "nauc_precision_at_1_max": 0.377478,
        "nauc_precision_at_1_std": -0.116766,
        "nauc_precision_at_1_diff1": 0.766502,
        "nauc_precision_at_3_max": 0.363371,
        "nauc_precision_at_3_std": 0.10199,
        "nauc_precision_at_3_diff1": 0.454814,
        "nauc_precision_at_5_max": 0.326374,
        "nauc_precision_at_5_std": 0.267713,
        "nauc_precision_at_5_diff1": 0.361661,
        "nauc_precision_at_10_max": 0.352935,
        "nauc_precision_at_10_std": 0.393526,
        "nauc_precision_at_10_diff1": 0.188546,
        "nauc_precision_at_20_max": 0.298438,
        "nauc_precision_at_20_std": 0.419727,
        "nauc_precision_at_20_diff1": 0.095745,
        "nauc_precision_at_100_max": 0.190468,
        "nauc_precision_at_100_std": 0.473565,
        "nauc_precision_at_100_diff1": -0.09306,
        "nauc_precision_at_1000_max": 0.148729,
        "nauc_precision_at_1000_std": 0.534415,
        "nauc_precision_at_1000_diff1": -0.18581,
        "nauc_mrr_at_1_max": 0.377478,
        "nauc_mrr_at_1_std": -0.116766,
        "nauc_mrr_at_1_diff1": 0.766502,
        "nauc_mrr_at_3_max": 0.433247,
        "nauc_mrr_at_3_std": -0.075434,
        "nauc_mrr_at_3_diff1": 0.728563,
        "nauc_mrr_at_5_max": 0.42676,
        "nauc_mrr_at_5_std": -0.053645,
        "nauc_mrr_at_5_diff1": 0.731166,
        "nauc_mrr_at_10_max": 0.433135,
        "nauc_mrr_at_10_std": -0.050253,
        "nauc_mrr_at_10_diff1": 0.730019,
        "nauc_mrr_at_20_max": 0.433465,
        "nauc_mrr_at_20_std": -0.054944,
        "nauc_mrr_at_20_diff1": 0.730081,
        "nauc_mrr_at_100_max": 0.431996,
        "nauc_mrr_at_100_std": -0.05671,
        "nauc_mrr_at_100_diff1": 0.730244,
        "nauc_mrr_at_1000_max": 0.431973,
        "nauc_mrr_at_1000_std": -0.056577,
        "nauc_mrr_at_1000_diff1": 0.730402,
        "hit_rate_at_1": 0.57667,
        "hit_rate_at_3": 0.74667,
        "hit_rate_at_5": 0.8,
        "hit_rate_at_10": 0.86,
        "hit_rate_at_20": 0.89333,
        "hit_rate_at_100": 0.95667,
        "hit_rate_at_1000": 0.99,
        "main_score": 0.71047,
        "hf_subset": "default",
        "languages": [
          "eng-Latn"
        ]
      }
    ]
  },
  "evaluation_time": 364.7959761619568,
  "kg_co2_emissions": null,
  "date": 1773069566.606304
}